{
  "project_info": {
    "project_number": "747043029063",
    "firebase_url": "https://basic-django-d77af-default-rtdb.firebaseio.com",
    "project_id": "basic-django-d77af",
    "storage_bucket": "basic-django-d77af.appspot.com"
  },
  "client": [
    {
      "client_info": {
        "mobilesdk_app_id": "1:747043029063:android:134fb3ac947201bea9b162",
        "android_client_info": {
          "package_name": "com.example.basiclogintoapp"
        }
      },
      "oauth_client": [
        {
          "client_id": "747043029063-j81bd8ir9svl4ifgloofrdrfvuqhbl5m.apps.googleusercontent.com",
          "client_type": 3
        }
      ],
      "api_key": [
        {
          "current_key": "AIzaSyClp8LLQmdnQ_yWYx8aMa-oj8j3nNfNsjE"
        }
      ],
      "services": {
        "appinvite_service": {
          "other_platform_oauth_client": [
            {
              "client_id": "747043029063-j81bd8ir9svl4ifgloofrdrfvuqhbl5m.apps.googleusercontent.com",
              "client_type": 3
            }
          ]
        }
      }
    }
  ],
  "configuration_version": "1"
}